"Iteration","Torque (Turbine-01) Monitor: Torque (Turbine-01) Monitor (N-m)","Torque (Turbine-02) Monitor: Torque (Turbine-02) Monitor (N-m)","Torque (Turbine-03) Monitor: Torque (Turbine-03) Monitor (N-m)","Torque (Turbine-04) Monitor: Torque (Turbine-04) Monitor (N-m)","Torque (Turbine-05) Monitor: Torque (Turbine-05) Monitor (N-m)","Torque (Turbine-06) Monitor: Torque (Turbine-06) Monitor (N-m)","Torque (Turbine-07) Monitor: Torque (Turbine-07) Monitor (N-m)","Torque (Turbine-08) Monitor: Torque (Turbine-08) Monitor (N-m)","Torque (Turbine-09) Monitor: Torque (Turbine-09) Monitor (N-m)","Torque (Turbine-10) Monitor: Torque (Turbine-10) Monitor (N-m)","Torque (Turbine-11) Monitor: Torque (Turbine-11) Monitor (N-m)","Torque (Turbine-12) Monitor: Torque (Turbine-12) Monitor (N-m)","Torque (Turbine-13) Monitor: Torque (Turbine-13) Monitor (N-m)","Torque (Turbine-14) Monitor: Torque (Turbine-14) Monitor (N-m)","Torque (Turbine-15) Monitor: Torque (Turbine-15) Monitor (N-m)","Torque (Turbine-16) Monitor: Torque (Turbine-16) Monitor (N-m)","Torque (Turbine-17) Monitor: Torque (Turbine-17) Monitor (N-m)","Torque (Turbine-18) Monitor: Torque (Turbine-18) Monitor (N-m)","Torque (Turbine-19) Monitor: Torque (Turbine-19) Monitor (N-m)","Torque (Turbine-20) Monitor: Torque (Turbine-20) Monitor (N-m)","Torque (Turbine-21) Monitor: Torque (Turbine-21) Monitor (N-m)","Torque (Turbine-22) Monitor: Torque (Turbine-22) Monitor (N-m)","Torque (Turbine-23) Monitor: Torque (Turbine-23) Monitor (N-m)","Torque (Turbine-24) Monitor: Torque (Turbine-24) Monitor (N-m)","Torque (Turbine-25) Monitor: Torque (Turbine-25) Monitor (N-m)","Torque (Turbine-26) Monitor: Torque (Turbine-26) Monitor (N-m)","Torque (Turbine-27) Monitor: Torque (Turbine-27) Monitor (N-m)","Torque (Turbine-28) Monitor: Torque (Turbine-28) Monitor (N-m)","Torque (Turbine-29) Monitor: Torque (Turbine-29) Monitor (N-m)","Torque (Turbine-30) Monitor: Torque (Turbine-30) Monitor (N-m)","Torque (Turbine-31) Monitor: Torque (Turbine-31) Monitor (N-m)","Torque (Turbine-32) Monitor: Torque (Turbine-32) Monitor (N-m)"
1102.0,428584.59609911323,428673.58332984586,428566.74402573495,428379.42190617573,427921.06860845606,428208.6092072128,427890.6988056266,427844.9803485294,428034.9422712682,427636.26513978466,428792.37306462514,427977.4902758566,427793.002518946,427961.56918016507,428023.94870479236,428299.63788062014,427906.34268339054,428199.88813969056,428033.3971887347,427942.85808611795,428203.05087197723,427967.9907921887,428235.3813918874,428254.5475328154,428142.128983404,428236.03188441147,427938.4095908535,428093.4632086159,428640.2250012992,428069.62657171936,428548.952200432,428813.4893094784
1103.0,428091.65652244794,428172.1808271885,427976.02591608133,428114.6853073249,429183.0716485531,429502.2655887341,428954.00220461463,428013.56478338176,429054.8504148189,428658.8558082117,428762.9190080907,428920.44992997055,428659.939648896,428875.99074857205,427828.6493927982,429134.60548653227,428798.3437106447,428246.0046047277,429116.8633937789,429135.0972549795,429275.8128103238,428017.38993181847,429207.7015251871,429313.5808469801,428150.2581812728,429250.7484010335,429280.6429932031,429225.04786297027,428881.10480853834,429095.9848567266,429311.63752019586,428781.81017560867
1104.0,427227.5539827729,427119.73262615176,426939.70483922365,427379.2083039209,430849.7826296838,431351.9829290569,430616.4035530192,427752.68884499697,429995.9584683244,429571.17977018596,428420.1280064079,429632.1208682693,429389.25701275293,429598.62888377265,427289.17479201796,429829.1468394867,429425.5511517251,427669.1667356342,429946.84769815503,429918.05033865984,430100.5672648165,427283.9484884934,429769.67325260746,429866.78096137644,427374.157197399,430171.2906648055,430354.686559447,430189.96211683156,428277.12297624775,429856.5126424873,429861.56903215585,428142.599310569
1105.0,426623.38861594675,426207.69415154716,426029.21470604197,426773.4100326984,431768.87721949234,432417.50788895786,431549.3800669906,427265.5318847556,430285.6720458793,429867.5447227722,427952.9165522166,429504.00559097447,429321.74431657745,429605.443217651,426480.78064515867,429807.07977725414,429265.81081513787,426788.48083463963,429947.53560095164,429715.891865207,430149.8671976241,426075.8178003329,429493.42309971224,429513.68374458404,426207.4549655794,430295.6616827074,430392.080611512,430151.4879489156,427320.79069325904,429697.24192208383,429418.33862935053,427100.6890763789
1106.0,426316.1141630999,425243.83793007274,425064.2174282724,426416.8062033713,432927.0578769684,433688.30024269165,432805.0877233533,427279.14928067505,430969.9549670978,430649.4610526081,428097.1325591186,429491.6199209717,429764.27267763036,429745.0835008959,426177.95322000334,430276.5302848376,429454.91937715537,426487.46923455567,430173.6921760714,429859.99767725484,430566.68646434334,425429.19555211806,429525.7304354438,429510.6587163375,425625.57681466197,430848.2870710108,430823.73188739497,430364.91055959905,426877.4767894823,430009.8727145222,429290.42460925743,426472.1409859095
1107.0,425885.9398368224,424433.70338245266,424261.33031181194,425935.1589361927,433507.067025256,434225.01563575765,433462.1320210963,425934.742556708,430181.81686829147,430032.86608712946,426732.6275594748,427693.07258070644,428409.98168167524,428214.03743418667,424505.6375820228,429229.6118431895,428257.85357994155,424690.1681699515,428814.2563638026,428142.3089336706,429748.7856223406,423151.42387094244,428299.1576959252,428229.5834218937,423548.1641600476,430128.5008724325,429777.6827692188,429247.83551358443,424811.75269373093,428823.7499214593,427620.3652380572,424087.3244835914
1108.0,426153.35101651447,424409.54154106625,424241.9838979478,426114.5138561702,434090.01218818023,434750.1564899536,434116.4124872307,423705.0573091042,428396.63766147307,428371.76751518657,424626.8519130082,424490.4329945717,425770.1421195365,425325.78375256725,421736.02131475415,427173.19067701075,425960.5125847534,421854.6064500929,426258.24605183414,425079.0415099176,428040.2777976903,419631.790921529,425962.7430401612,425821.4279126662,420443.86933985405,428398.53907163953,427564.69835713407,426979.8050062514,421432.24898558017,426326.1968097606,424459.05837049603,420311.0563078545
1109.0,426183.96185217437,424112.8064891794,423999.095896752,426080.18348599086,434168.6990883648,434642.31436453026,434232.7118690783,420357.1360738865,425603.7390584799,425678.1724416011,421457.1097437872,419367.19078428746,421476.2782401347,420582.2383674134,417625.728591462,423736.8680674592,422252.91023616825,417678.4239453352,421978.30126605346,420113.85596587125,425001.7784332827,414585.91306683666,422203.77113011817,421960.7706294825,415777.8254551129,425374.13876580464,423946.7645860636,423371.91647448804,416513.79810726957,422534.2737954355,419696.5639519963,415025.7125319171
1110.0,426187.5707297449,423802.07219991426,423726.03229127126,426039.07505928015,434108.07864354725,434398.2024977996,434205.715092922,415609.61507096066,421657.6443669246,421787.26040495804,416948.6986968633,412437.309558285,415600.07275753724,414044.42469957774,411901.16734957014,418894.0150099849,417085.70865049725,411953.56685332535,415880.23975346884,413255.95624482655,420612.76993025467,406796.371236768,416948.5457285574,416593.7137672291,408946.4242748613,421065.71689178713,418915.55161094124,418389.56911308377,409573.7376416631,417263.385291607,413301.8583249418,407043.7874263441
1111.0,426330.9004652801,423497.9496161119,423409.46959222225,426075.8195686797,434341.12646188523,434469.29290690616,434418.45375651924,409533.7910607158,416897.3375362665,417077.92254345026,411402.061705754,401413.4314677106,407823.82995646703,404207.0853754421,402311.0530354096,412608.1179062115,410441.19610852946,402580.6725215642,406885.5500699623,401968.8509750911,414670.92198998405,394684.6059216731,409803.07709734375,409159.02902645257,397129.51808419055,415310.5807929543,412327.60505997366,411936.2935478492,397629.60473766614,410561.3878313751,403406.6559552077,394884.6704796096
1112.0,426367.0707847398,423201.2286361833,423101.9816120753,426070.0305156675,434194.51165674,434085.80830755265,434275.7705091798,398541.1423321659,410181.609108074,410398.5193981825,401492.8595102698,386837.8536257651,395215.06532260845,390066.7018162408,389384.0942051523,402073.78900888783,398635.0220154204,390036.7457145117,392928.1979920633,386802.55081959895,405658.8631141115,380129.4434587498,397433.4952364896,396705.6438077021,382641.4662698998,406811.74273868906,401565.29199130926,401189.98167592875,382887.86023749155,398566.52743799944,389558.9005152314,380158.5533919236
1113.0,426367.74817317625,422913.4572175667,422817.2941592754,426060.07034974376,434038.03746442223,433705.84639194026,434121.83331335156,384971.5310097927,398330.14654119447,398620.2204210227,388698.3908419621,369813.5349829464,380338.89408458554,373320.5104026289,373842.84923178,387847.0924254056,384115.8083278878,375148.9285825029,376429.26217066526,369092.5041016477,392434.53553003736,363378.49209124286,382522.4113242791,381788.87576311664,365695.3067091395,393805.9510980638,387685.1879863031,387437.8209338913,365752.85311229085,383973.8948702801,373307.86989336135,363359.27815375273
1114.0,426364.44126888906,422661.45525864675,422570.05016186304,426060.35033160914,433771.16461056477,433208.7457417472,433862.66501571995,369273.383726386,384277.16830065165,384483.2763024595,374034.7935562475,351095.11380278866,363748.23898044147,354660.6676070815,356259.9739983793,371173.14943536586,367222.4145405962,358523.00536233996,357937.3672856992,349600.4138877645,376868.50040487223,345472.51475681545,365373.05728344974,364690.9535250802,347156.4488025143,378426.2447009281,371732.68138581957,371555.3415223455,347172.68088795734,367196.18251304235,355096.16302107216,345604.0784661157
1115.0,426270.8715633769,422357.4783557917,422277.32654277515,426005.6885917913,433525.6361773211,432758.4063372824,433634.9514985725,351954.30727565463,368311.1317080738,368356.99645439256,357950.2533314913,332665.6490325082,346278.63014555327,335805.4980356143,338258.06709068833,352401.14970273396,348507.25060712657,341414.4659403505,339090.24578173563,330399.73814869294,359352.23956697393,327733.87572699715,346798.93787222897,346260.3994391181,328724.4955875105,360923.3848641906,354172.66412556486,353882.0557044603,328954.931005292,348945.4899553389,336645.4244897061,328265.80710621714
1116.0,426228.7760391169,422119.14477075374,422042.233625867,425976.74802703527,433129.4314920699,432148.7810635222,433258.01001286117,334778.80574100587,350835.6022090501,350711.4727180711,341631.01789759274,314188.348397385,329382.2818843714,317017.0898884521,319879.76563609,333581.8530138888,329792.8517337545,324337.9591279026,320153.37173422053,310779.61582899746,341098.83795497386,309641.2207780167,328168.67341065255,327799.8989479644,309742.2645634271,342455.94735031575,336659.6373754307,336051.922507985,310330.527664118,330846.16366241314,317768.9465539398,310712.51542505954
1117.0,426190.7703987414,421879.56022017694,421795.3235762022,425945.08557600714,432904.68515353877,431756.9854204163,433059.7105966721,317717.4601463722,334243.7595493592,333868.50812088756,325984.58665813314,296303.4963242701,312963.94324930944,298740.9465699612,301597.97165402485,314262.1345015343,310551.71091858775,307416.433348965,301321.7887920845,291923.27015438455,322648.9935884781,292223.4964295773,308823.636857908,308607.791047587,291399.03687714855,323386.878729386,318476.679349868,317348.6771335341,292453.9288288085,312023.5316587223,298420.67009187606,293728.780654199
1118.0,426079.5956074429,421623.6509271637,421527.8566238401,425842.48912915785,432613.38143297244,431288.57217873825,432785.71237370226,300847.1761199925,317137.2580113879,316483.6661373376,310523.5282636206,280921.4669370951,296930.58334184333,282625.25438911637,285305.1235243092,294946.109929576,291756.41124393704,291668.30995332147,284667.36063980765,275668.35202200734,304040.64012952155,277276.2639046135,290332.9457390526,290291.6922221842,275527.75935025176,303832.5178095183,300508.06296245294,298364.9288006664,277398.36755337124,293746.9160225629,281319.55268352065,279597.2365781947
1119.0,425999.2247776925,421439.1880297343,421335.48047729867,425757.95718451816,432343.77817189414,430868.49506246153,432539.5620205201,285898.25376955746,300344.9522256687,299323.1154880172,295822.69006644737,266708.7709723223,283207.9936747616,267882.25809466594,270369.80246537423,277823.5590937396,274850.27464635,277771.4162958075,269514.2013863092,260592.91546194168,286834.5845596728,263264.0739330051,273696.22527611454,273822.22796622117,260644.21967790573,285469.96673367353,284229.1310240093,281218.24153727037,263293.4525950909,277469.9702410992,265041.3811905794,266314.1252240415
1120.0,425857.86934739264,421196.2236038143,421088.0115763255,425618.6103860967,432048.1219460408,430422.91094539646,432257.81093032117,272665.33364384354,285621.70770950645,284321.7166285238,283736.37024787406,253999.20047947485,270850.5648990156,254661.24762003886,257149.24817929458,261895.9108343104,259113.76976701326,265423.5820955422,256084.5332262076,247441.9493077337,271438.50673518376,251142.75900496513,258251.96254582485,258572.21551039472,247715.37217414676,268650.02677956806,269511.8575664077,265095.4544653179,251431.63879032742,262521.2152474818,250254.6028305816,255146.8798794673
1121.0,425699.5543072898,420953.517316489,420834.6455080289,425456.26289581717,431752.6185806437,429988.98908396874,431973.5618301134,260755.50006098792,272439.9760760885,270699.04017089156,272835.13517360267,243357.4735127877,259852.1778066399,243509.07965769904,245795.27146416565,247387.0787931022,245079.4779462668,254634.08223541357,244716.34710571478,237523.63381769243,257400.10807935722,241540.83226062005,244626.65480952171,245113.02883810786,237851.16469605805,253037.3038766659,256135.61371145383,250165.3039227935,242153.67638107686,249095.6916480939,238304.02022090057,245921.59933797354
1122.0,425537.0478027789,420726.18558126094,420597.8358004173,425294.4499599027,431472.1205571966,429583.7434370061,431700.5221778215,250320.29374275493,260575.7140189908,258359.29186697156,263231.1861945742,234953.36101503135,250234.3338641323,234719.01487826672,237287.38133196314,235988.72796329233,234025.97255939525,245678.00601282326,236149.5734743456,229499.90355016643,245191.34085695323,234121.60121097395,233903.92549831702,234599.8343198133,229828.85099091887,239811.3905411509,244611.74533779526,237841.77179200578,235221.02153763754,238452.55195322644,228375.10963325304,239345.15704850794
1123.0,425324.8780361519,420474.09758147254,420336.14536040754,425084.26335074083,431286.93056832463,429309.01436671335,431514.19869106426,242113.7553120523,250351.36619793822,247644.1499004763,255059.21210801153,227753.74236482376,242429.2657538068,227171.13160982868,230310.6496007256,226127.6885231184,224493.12988912038,239031.49973984322,229112.14227978385,222972.33697071782,235664.54134544253,228177.65714752328,224737.00611339486,225624.7991190371,223393.7132569457,228648.97290913775,235462.0732377146,227194.9850813688,229831.28484209825,229529.5156736604,219964.3121341494,234242.68124984737
1124.0,425226.77193127,420364.2006340837,420224.43090850156,425002.67874258524,431031.06410514924,428953.28512939275,431254.2916976795,235327.6649268166,241896.1665264829,239045.2512282711,247888.5699386887,221947.33944088576,236372.3852603028,221094.63506591338,224919.63185088043,218031.03873725102,216752.45402622173,233861.6029532054,223889.7422182337,218355.4894898534,227847.73069386385,223842.38562363424,217324.28805998116,218431.59015783403,218619.65883296682,219231.08926876422,228044.35804309894,218192.486249711,226056.4403565026,222327.72871485108,213390.4659158291,230665.89627201844
1125.0,425161.3313459889,420309.841096538,420181.9338932757,424970.7724273611,430791.46419707424,428630.4704604785,431009.4183659017,229639.37958243745,235031.73891729195,231719.66559077497,242409.21125039618,217207.1769784934,231361.75389794825,216154.7789621598,221090.27138830174,211712.63085349713,210814.7870106759,230134.86485499184,220297.61160769517,215300.5570132828,221773.2922530676,220998.58260682176,211727.1776758892,213038.59929550276,215396.80429157283,211592.8678191372,222277.43743294806,210881.7927520601,223702.2582333448,216819.69517827357,208540.15349491025,228493.52502735186
1126.0,425136.464576961,420313.1957429542,420203.903160193,424990.73726501357,430558.73724740196,428327.22872719547,430774.42824141664,224874.48818880474,229194.26478940147,225421.91400005185,237887.18495620097,213455.1537183335,227355.15947488547,212237.0864232452,218622.48654250122,207062.25248834776,206582.08252686542,227666.61229374644,218179.1831981674,213658.87723249907,217349.94112121873,219402.09911757783,207825.20927647458,209326.78479937362,213475.00497830598,205702.5572939829,218080.72857664066,205230.90540070203,222528.13270935102,212898.53775200804,205299.68108341924,227457.73685150704
1127.0,425165.9985537903,420373.6854623168,420283.9393079633,425064.9334569989,430326.72249675955,428037.1283559532,430541.38068438607,220865.45535426147,224214.51693261907,220012.7342446114,234049.17492987472,210637.77141907267,224333.5457808007,209283.46571199677,217329.48003655084,203965.64417072857,203918.12219082194,226273.43708751939,217356.15105693552,213251.32445627003,214466.22014041743,218825.66668794776,205480.79007773765,207155.18903642875,212635.0444751526,201733.77142735117,215374.45696711948,201464.016089563,222333.37743759298,210461.41192827557,203557.0888240094,227377.88820943618
1128.0,425226.0940121536,420474.38851261913,420403.3717167914,425176.10000734363,430112.28801011964,427791.76827206585,430333.01438657084,217527.22299705772,220010.9950180571,215417.13918623643,230840.23639580832,208568.49210713763,222027.15800064174,207109.6861688777,217010.2528497115,202454.19869288977,202775.55239590412,225772.1463421523,217675.00444921778,213829.0154844045,213011.21394506155,219058.11721519777,204616.252736984,206383.08759649255,212615.30950803356,199493.77297474362,213988.10696139716,199317.36192921197,222823.58243309968,209380.3076706506,203152.6674011303,227985.04322811402
1129.0,425332.0647236256,420617.2772306436,420563.70385111356,425331.6391512642,429900.6789607274,427561.8095946006,430130.3339265008,214675.483863283,216358.58086116856,211420.66644363536,228071.05522781823,207211.68563098036,220512.1129503608,205681.66894963075,217438.4269450036,202071.110693364,202756.37228046494,225931.0557631271,218801.10191341408,215142.90524040788,212719.70758010307,219782.59050820998,204884.5342902927,206719.8157971198,213175.91769560138,198457.46909052707,213744.64633977547,198350.8101989742,223833.43217916033,209462.5268679268,203797.2850802062,229083.3703339679
1130.0,425460.07853505365,420781.0692504712,420742.55743154994,425510.149551159,429705.2374401855,427365.44232010475,429950.0318552998,212240.99182259833,213192.58652795473,207953.8269673748,225690.92389104463,206481.04460117876,219603.03129413712,204903.0131613818,218400.62273945642,202649.37737509084,203705.88314344618,226563.4578267783,220612.23885737048,217006.7926913645,213479.0548202523,220808.02814811844,206155.08393402203,207988.29310511373,214075.85280462287,198548.89568080628,214448.28768437763,198502.87670055652,225095.89156431323,210559.247737938,205381.61944013453,230441.20834508986
1131.0,425606.36302777723,420960.4455624321,420933.5360030181,425705.7091814748,429528.5491858675,427205.2641278247,429792.3226461902,210135.7331926352,210403.0771090928,204906.873356678,223625.3742170387,206259.05387021645,219189.36238798898,204662.1099357372,219662.70264651216,204055.40419909186,205542.44885539022,227446.15293902287,222828.50263154684,219164.2030758208,215041.07645854136,221876.62018167082,208147.02971966856,209918.21909911474,215066.86970341956,199535.70390199742,215841.1166006782,199586.24476202638,226391.23620520992,212455.54192365418,207644.00231653108,231829.47832303052
1132.0,425765.5420137774,421150.14269324485,421132.2242982506,425913.43924434576,429380.98183170496,427095.84007475,429670.7779945048,208295.96923290726,207931.40730484368,202356.62044564076,221820.7814061768,206483.98803123398,219164.20888511086,204888.23133779227,221000.95968614516,206188.94332160393,207955.5743477324,228368.76187042287,225249.52846985628,221423.13597832312,217222.20187389327,222767.5982371779,210636.30533182545,212273.65627563407,215910.28639342185,201246.59324368485,217686.99897803695,201452.38928273806,227470.59844525027,214928.91031360184,210339.87043346724,233003.48113033423
1133.0,425931.254593596,421340.0611600647,421326.18493021664,426119.9421140538,429250.449197129,427009.08793344046,429568.4054572265,206678.9347810737,205701.7302131903,200237.79439519224,220236.96679754936,206984.55768155938,219432.34327714978,205420.38102389465,222216.1365476007,208608.5698478158,210636.82517682065,229157.14158762552,227533.0706803423,223474.36540631118,219629.13201287453,223289.25679226103,213208.36144913067,214692.23312240225,216471.52158855824,203312.3308172217,219661.8504410262,203801.19539157694,228249.99212913308,217675.16952238805,213173.14660950002,233873.99425128242
1134.0,426097.3559498245,421525.5491926718,421512.7742916468,426320.6637662462,429150.0312256348,426963.6368875817,429499.66922665824,205229.18607023088,203690.03575061337,198332.68245432002,218825.88246802424,207780.89648593962,219931.35780991364,206262.2447620717,223154.5155621811,211215.8039280351,213437.2771163152,229669.16806119002,229611.94639914559,225268.1238188991,222208.94940671173,223330.90905488317,215764.27839749656,217050.5587751172,216565.46576243127,206002.68903341139,221615.8256766969,206851.26215784976,228510.20655382215,220563.89951722318,215992.0488163361,234239.54031233437
1135.0,426255.4719984472,421698.2470273531,421683.5191368316,426506.4105583575,429072.2159686401,426945.11310133175,429455.34550649766,203940.79940097747,202050.84157887002,196605.4880326115,217580.0105663213,208699.82041526592,220535.3617801196,207253.27788462982,223680.63375170203,213708.93730110952,216083.29280412893,229775.56012144618,231214.9114914811,226541.12637341762,224632.0877746001,222752.02663085784,217962.3133960625,219044.75885875145,216099.1525921532,208642.87539375265,223249.82101542564,209952.72561907663,228185.2198587117,223284.07414119813,218504.83933706259,234045.7836783875
1136.0,426401.67251573596,421842.14597307815,421819.9849499,426667.716932571,428999.29830400343,426926.93529609777,429411.8078100332,202893.22770117337,200616.43732118275,195045.1895883708,216523.03389024522,209769.5037674876,221278.82611416487,208411.1581645623,223840.40513319403,216062.18933060858,218542.5757531564,229570.62436546094,232368.90228567267,227372.00339988523,226853.3345267122,221644.53356683324,219738.94514638564,220614.4198981452,215119.49117437817,211089.87735915897,224486.807698409,212949.9216209852,227267.77810862672,225696.32265203973,220598.9925751377,233293.7128341922
1137.0,426544.952329864,421979.6186729526,421948.8882602153,426819.6749435781,428979.9778520788,426963.40092142246,429421.81794580567,202012.1030514699,199347.45428940814,193656.70186922164,215560.17402512836,210811.07872517567,221974.00783015694,209545.20426373792,223284.17706755162,217809.9238436491,220386.3130012009,228684.67807027214,232704.59044056575,227364.16080631805,228502.65237492556,219743.2652062219,220787.46440999405,221483.3921535658,213387.74750695896,213098.1039745535,225100.63408447203,215610.0069714293,225605.94290625467,227568.74926229438,222047.48560338264,231809.8358888291
1138.0,426697.0525600755,422124.34096356964,422079.9739140793,426969.611686356,429012.28458226065,427054.9230530736,429482.4629590238,201275.17569580078,198243.42479868128,192441.23403270834,214776.22678234155,211824.81037036187,222646.9995427869,210676.14748542215,222140.93573905196,218976.6059302197,221618.34418522767,227259.6635398215,232235.54940599378,226542.43397417897,229471.98072686646,217157.2170443626,220960.9073197311,221530.4072372758,211019.6370200022,214470.93537465465,224978.54630065392,217696.10159124757,223329.65402755205,228736.90081067485,222731.29000874492,229733.0942981769
1139.0,426821.4101192782,422241.5698782707,422184.24204956595,427088.2061472379,429060.54709939635,427148.327660649,429553.7617395987,200599.63366409502,197263.55110280748,191362.82435903157,214059.95574624836,212711.99230139412,223210.93866642262,211676.87384506417,220339.84489258006,219418.1211717095,222106.72790337284,225221.37126957884,230905.00707313672,224888.93969151264,229710.79089374843,213901.43534633852,220271.96270275698,220734.40948142638,207959.37729955377,215077.39160437905,224057.56622980846,219079.68280136675,220360.3941029373,229105.37806946665,222553.52563891426,226979.05109112832
1140.0,426976.5132292254,422374.38842406165,422306.70133079146,427237.41812561476,429172.5744769385,427301.09574788023,429691.8546799078,200080.62983388174,196450.79352626402,190453.79840794014,213537.66641973561,213610.22330332483,223803.3828939736,212688.46374599548,218119.4409636516,219266.94447924697,221995.69130461395,222808.6371454439,228870.82725814273,222594.60478703858,229226.47694678378,210243.96288552936,218750.42031722682,219162.48298615447,204474.18273858554,214926.0121045562,222414.4363306162,219698.80213092949,216938.01651306404,228643.1359429743,221553.76002017324,223799.39813120748
1141.0,427097.02008705534,422485.64182276424,422403.82064059365,427347.2964266454,429282.4964750904,427446.7863191677,429819.7758370007,199587.16143517068,195712.40582801861,189631.34433390177,213031.86321492665,214270.96019340347,224173.30321262107,213474.84294898587,215254.98690393587,218200.1546746132,220974.16937537186,219765.58568707295,225882.89630221136,219307.76618011878,227807.74990738378,205936.39121688184,216203.52867402075,216612.78579569046,200710.23581189185,213789.41028183274,219820.4137317502,219359.50994449004,212929.4198494523,227229.5255329432,219581.15118148245,220030.06272683202
1142.0,427200.637393572,422580.3053703893,422484.1824986853,427437.9208867589,429403.1761698105,427595.79390145803,429954.9026746201,199136.7616782691,195051.57900355943,188892.53909047454,212578.8968423055,214773.3077369103,224416.17862418818,214102.09579437366,211896.63980574842,216342.98981967857,219173.67021340725,216253.43211773413,222058.66156798246,215230.30825170866,225453.3907649963,201436.43826399252,212697.37584616325,213149.2948133886,196671.74145618587,211662.8568435692,216382.61419704987,218008.32361062831,208488.27256943003,224854.80821417566,216689.20957700504,215840.39246388065
1143.0,427285.270882699,422657.6870587084,422547.70157073106,427510.34353743686,429526.14808008476,427740.6750216617,430089.7878542671,198727.34837471286,194462.34592689003,188230.83585235386,212171.7628035996,215131.40257563116,224548.27778487216,214584.46036528752,208144.18969508537,213753.5720029461,216656.11652140444,212363.98909700807,217480.4197007798,210435.6124164185,222216.1776251833,196958.23406046725,208321.6920862662,208853.30464816652,192303.5816203708,208587.15960219214,212168.3121640851,215666.38101307512,203714.07346626444,221576.41654483465,212937.7875310434,211323.91303306926
1144.0,427351.42467106844,422718.21672118973,422596.1593718236,427565.6140580751,429645.32401686267,427874.8435153296,430218.2122899549,198354.8883455835,193937.1661376866,187639.58660063922,211808.82176164223,215360.50662773172,224588.80605657748,214935.0428164623,204095.2562417958,210514.77915515823,213503.8880493787,208192.16633421378,212234.8282745771,205017.69846139028,218156.73225073275,192278.499728268,203194.10033291747,203811.09438124593,187696.08919237627,204616.03163764728,207263.07513997896,212367.82287348912,199284.07511696842,217455.35701398554,208402.19148476425,206574.654445678
1145.0,427399.0945922309,422760.09307480406,422626.801468476,427603.0269365083,429758.22809024405,427993.83908997686,430335.992797763,198018.0061559175,193470.04248625968,187114.31599358778,211488.34405566403,215482.28335587302,224560.7923738302,215176.25355158857,200281.48987446283,206724.04384151608,209813.69222244914,203828.73271048738,206431.0163826215,199607.40490157242,213354.1535450098,187498.09677920624,198121.50476484784,198779.63101018433,182947.30066136215,200272.6427009714,201970.67396500334,208179.09340774475,194788.72503106506,212582.7055355509,203201.95588933502,201896.47374146013
1146.0,427430.10980768054,422784.8675220466,422641.430479819,427624.9148898076,429860.65949829033,428094.60446880956,430440.8948529281,197716.80012998867,193056.97792888436,186648.76834344497,211209.25496126348,215519.29968412043,224487.60893497535,215324.65939212195,196474.2002279737,202593.3733758383,205700.2298198471,199856.1581663085,200575.72525250507,194060.62015652366,207905.81454829994,182715.7795991299,192598.68133465428,193354.75368355465,178148.24619254368,195480.56009172788,196767.78199242888,203213.77518795218,190258.6888983099,207059.66462974006,198134.2852811519,197592.5834527341
1147.0,427436.50745142007,422779.51882684353,422629.3838635311,427623.58398456767,429936.91931551823,428157.9955588557,430517.7202505097,197449.37057155097,192688.31043288656,186233.6449852304,210969.19402388803,215573.7311890953,224473.3738698592,215473.69466284802,192735.29992911007,198705.29800113526,201636.43370991913,196028.56284151273,194831.27058413852,188290.47377529088,202094.81878893927,178070.40829022677,186746.67338869444,187579.19073055914,173424.3731708343,190173.4930207612,191271.8894932077,198234.1846958568,185817.56239888832,201296.1827026269,192665.92265869744,193368.14083136673
1148.0,427446.29249114793,422781.44279705046,422625.6971655085,427627.39175271464,430024.50890554726,428233.19130124303,430604.0368856647,197244.7630024701,192399.783255442,185902.7593202895,210800.99225383785,215513.43908507348,224358.06447814137,215509.55332387402,188947.2881375412,194473.32394139236,197537.54845299927,192141.71297363652,188927.57473402857,182357.8817213404,196515.8925797042,173552.5887586101,180722.6116126877,181610.31939202853,168765.66464971265,184523.83048640814,185603.63339441354,192830.64575183822,181424.50198267435,195646.42771409635,186930.93144856254,189195.12985403652
1149.0,427455.60477669386,422784.2853115515,422625.16214960173,427633.3246376829,430111.4079568445,428303.8687612681,430688.5305671769,197078.55597447202,192160.69704667715,185627.32145755278,210670.12223465246,215432.1949971896,224249.5220793218,215512.02259921416,185265.74510857108,190137.67874446025,193342.21556332594,188356.6443162849,182904.64741930188,176346.9092471723,190622.93769134016,169302.26281322184,174605.76688161958,175511.42180056265,164454.88123194507,178594.6979015241,179878.25036115217,187044.1645860156,177259.85001589163,189763.23005337527,181032.3690518221,185249.77285362498
1150.0,427467.524278906,422789.24091346905,422626.08246437385,427640.3519639969,430197.00617234904,428370.0198628543,430768.7376457101,196952.02305166476,191972.4057783877,185410.05584069336,210583.04605509876,215333.92331424885,224145.10902796127,215490.4687752364,181726.6789542787,185764.3315681831,189110.8131371423,184711.98500348392,176878.26954289363,170361.1719111309,184545.11105738013,165363.32288800177,168519.0656219386,169411.57449262697,160827.65106949388,172529.32198776776,174209.28362364948,181014.2112539458,173356.01985753502,183768.4192682568,175094.62842908985,181555.96280035272
1151.0,427482.61544906383,422796.72736918955,422632.1189400892,427650.5076682781,430278.19728616765,428429.50884159893,430843.8362004362,196864.80396292068,191832.6889994794,185244.4727716896,210533.71841554958,215232.7388398288,224053.1412099562,215463.73360173963,178371.35640404452,181430.7538835241,184914.04725755542,181245.327901066,170940.89938584817,164597.28631062535,178375.9778440464,162255.73384288803,162938.04676012363,163670.85057166492,157471.63392673992,166455.0266367267,168704.14451116923,174865.85021067137,169763.5406512916,177783.62701835635,169232.21610772403,178163.5405754449
1152.0,427523.73957820976,422831.10366875207,422662.95995667425,427683.28310708905,430371.9895436132,428503.43769487814,430930.0224825301,196841.75723712135,191760.17263210815,185148.04374678206,210548.702045067,215223.03581361385,224085.3544901104,215521.7873957798,175307.1162701365,177318.74889288063,180924.54038986214,178083.2230936535,165159.4899920874,159644.27963001202,172190.3359593577,159499.73772966047,157961.49447236542,158625.4180834776,154428.34795936817,161108.72814092258,163686.00628943433,168687.7994110862,166528.15623637388,171889.32071730844,163747.2091669797,175091.47185484486
1153.0,427556.7427788494,422857.3117578287,422688.0519033889,427712.94095811475,430460.8976230999,428571.8750223973,431008.37283526064,196848.36272777437,191727.33738416815,185094.7283602876,210592.1096340875,215142.26829127898,224035.101341131,215504.40933256102,172376.2884154931,173220.74283148083,176953.62243583053,175036.4119962152,160399.33401094849,154999.09473006346,166171.72703369986,157091.20170617703,153309.07429091306,153890.731482978,151685.99617311417,156141.14770019532,159453.83938892,163018.14200390843,163849.3666267583,166235.6511520455,159067.29177751936,172358.7697341617
1154.0,427594.73432837345,422889.2409773812,422718.5455554783,427746.3339994778,430544.7688843357,428637.49980741116,431082.70596257166,196879.68252849206,191722.87721176873,185073.6429201947,210655.45519875124,215073.60741326527,224011.9044483386,215492.27008475934,169685.9966871205,169340.72768774998,173178.2969824884,172230.51183226352,155877.18919276385,150603.08133048358,160973.91040204623,155074.85772789366,149025.64062320482,149504.73369140667,149314.4098346801,151468.4685348848,155612.38106541883,157995.16524200919,161701.70088739635,161498.7191384861,154710.6458117043,170025.19357158884
1155.0,427636.5573960167,422926.69574556197,422754.39088709006,427784.63681069575,430624.3403451891,428702.563811093,431153.8693093404,196935.1385066573,191745.8994702105,185081.5786518485,210738.59264314285,215014.4095689567,224002.77412983443,215486.05515763623,167231.13837013955,165682.4171280148,169602.9109741381,169655.34233016986,151650.5299365851,146519.5650537012,156101.27821516877,153418.7946598233,145167.14999888602,145532.6854050781,147292.71099209515,147176.81820029943,152222.8890041535,153266.69416469795,159900.11556221909,157248.6363769077,150753.91701293064,168069.95928267034
1156.0,427679.89457704616,422966.8811267006,422793.2032550632,427825.02889851114,430698.37521459186,428764.9159921534,431219.2502512713,197009.27055853108,191791.0096227289,185114.52968801753,210837.92533117408,214966.38352565657,224011.56388764613,215488.25766573698,165048.9166237601,162672.7760705271,166252.78002888244,167314.66200911137,147752.7498201066,142774.3935357279,151486.7930519004,152102.14126127507,141770.7047328651,142018.9006970155,145603.97051366002,143333.30387787288,149326.1444450098,148906.59646712604,158438.73007389033,153430.4970161851,147257.4224827333,166480.05681539312
1157.0,427755.2880114505,423043.6206832216,422868.1892219358,427897.24467204406,430795.2818142174,428857.38530540816,431308.67537758104,197141.247385528,191907.98008901556,185219.000962068,211002.73351020165,215012.44287520734,224154.21575617866,215591.7866080957,163324.8953348424,159962.0887594108,163476.39762530196,165247.09290804793,144133.57605983704,139316.94753035466,147127.17376040498,150959.650306679,138727.1962130302,138862.1178140269,144096.621838823,139861.03497350874,146806.6640925412,144850.2989432668,157174.86616413633,149970.50620919638,144141.74075712656,165117.10741101747
1158.0,427804.70902395505,423095.19537909277,422919.2409135815,427949.19118728,430871.8005029351,428928.9782501569,431380.4496406902,197248.7020788849,191993.87959359572,185297.74055841105,211126.03886084713,214986.25970317083,224188.0576179797,215615.08297532948,161764.58602641328,157442.5563521831,160974.81963566656,163586.98439548505,140934.43301450487,136279.7149936972,143143.3739427933,150194.47508326411,136305.6025233755,136329.79995340528,142970.75803295049,137021.07112011345,144901.1876279468,141370.25710691646,156257.53388494012,147088.62314482662,141595.00476910628,164240.61687578002
1159.0,427845.71197803813,423140.3956357872,422963.6311411044,427993.1969443008,430935.3618580713,428989.50649778923,431440.4547656507,197354.59480486708,192078.36404000944,185375.96893304016,211243.13554823646,214954.1139781625,224214.01675363941,215627.12021910198,160360.68101684112,155118.05822642028,158653.10976583356,162083.38488296172,138113.6534738309,133625.38935564595,139527.34429880223,149672.16493995057,134425.48721395133,134356.56195499373,142104.1965706188,134780.67408558895,143555.33035745317,138444.73260662192,155601.13706629357,144769.9019382006,139618.31779945968,163606.17831690732
1160.0,427874.2755397599,423173.5168731687,422995.4295302735,428023.16987051006,430982.6225477233,429035.8750525089,431485.19909665163,197454.02741682646,192157.31361130354,185448.8190535959,211349.1736944526,214919.8096504295,224237.49216247708,215635.97076696306,159109.36351952903,152990.87761890327,156512.58993939107,160730.05594744853,135660.34201643674,131473.680583021,136280.80159992765,149341.2933216892,133058.08278934774,132912.8117996558,141452.61891551962,133141.78952810113,142741.23663746176,136100.77568061472,155166.90709961808,143013.85293855547,138192.4501235735,163166.7035462919
1161.0,427889.4381434179,423194.5136229674,423014.92413835414,428042.79593435273,431014.5947711723,429067.61878523574,431516.3307002944,197545.7258595184,192228.1874370401,185512.488656414,211440.5615948893,214886.64035879556,224261.9635405424,215643.18495438652,158003.4108942664,151058.1232518179,154550.56563672994,159519.04422080013,133560.5529944938,129790.3897188216,133410.56264955504,149137.7808204772,132189.25506992036,132013.98031857135,140960.15411641938,132123.84587423157,142412.91445082903,134345.2567256876,154899.10708432848,141808.80699047228,137289.59223133186,162874.3354111239
1162.0,427896.136918465,423207.3860375247,423025.9725656254,428051.4809249477,431036.4889733452,429088.95917864016,431536.1126654548,197632.82383796579,192293.90915179826,185571.2127649747,211523.73688795985,214863.9715473276,224296.62156548438,215658.3503791492,157029.86527754352,149311.37286809675,152761.9563288615,158443.75703999784,131877.94335411547,128377.25010192269,131116.13117555974,149009.91532545481,131779.53329106478,131568.2855229477,140576.28969699438,131682.9236058103,142508.05006198128,133166.04071369112,154741.3749840021,141121.6527746791,136867.37343561073,162677.97486751183
1163.0,427898.4288268328,423213.8707566017,423031.03248974873,428054.9209676034,431054.366571052,429107.25403237867,431552.1903184246,197721.371025642,192362.45766378278,185631.8090044762,211606.65977680788,214848.06691860664,224333.84265784657,215678.42259088592,156177.95672926787,147734.58960050246,151136.82155011263,157493.93920334548,130634.80692446632,127224.4441709415,129286.40735237768,148915.22743993704,131684.42863962453,131451.43757457804,140266.5662860682,131643.73008139277,142950.6869329418,132512.39459550293,154646.24763975723,140883.22051208714,136855.65306309046,162538.52267568035
1164.0,427879.6273149332,423200.76718638174,423017.62861032446,428037.7092906728,431047.5949337488,429097.5000940823,431542.849185435,197791.76374566177,192409.69435832094,185670.04288265307,211662.52722616174,214869.74729912623,224417.7540605617,215731.5294563647,155427.9029142098,146322.08809744517,149668.885369898,156649.32756372576,129626.83009380075,126250.28368166256,127739.11197423443,148787.24989342093,131827.45614093,131570.91551773495,139931.22331424145,132016.3009105466,143684.2364417226,132421.6742770692,154534.028832503,141088.75927913963,137225.2720976409,162368.3498564099
1165.0,427866.3430256549,423190.79405515624,423007.30002210574,428022.7664983705,431047.93022810103,429096.04671507055,431540.6051680018,197868.150746429,192466.25800939574,185718.28719661746,211728.81529354403,214882.06275501856,224477.35566929844,215775.09642871068,154776.89624675582,145055.06929745545,148345.96015148435,155908.9834276464,128843.52188791947,125513.43969287361,126473.6110734789,148632.2662642838,132169.47610278477,131906.6495585522,139621.6412547304,132674.62362304734,144595.56114324153,132708.13438134952,154418.8525710944,141574.83352090113,137831.80786118013,162203.08515460003
1166.0,427850.38764203276,423178.4619051973,422994.54288887896,428005.58274549496,431044.97203463956,429090.92670557083,431535.57483054535,197942.20687690956,192521.0377412523,185765.0765160055,211791.97258221102,214911.48678032882,224552.38299985626,215833.07964213775,154201.11850225148,143908.571875934,147140.45943649267,155249.50768686438,128250.6653849005,124937.91934843517,125452.00242466103,148415.75519939789,132710.8443315107,132401.98111917288,139267.0529361227,133678.4683901239,145638.3187136914,133391.23297007455,154230.16757053125,142325.37053553518,138647.32471990833,161964.15148762573
1167.0,427833.0446207236,423164.6651830331,422980.68794389867,427987.2296915554,431040.3861794924,429083.6719125926,431528.9522178724,198013.04634057893,192574.28416448133,185810.55212360757,211852.2084942259,214955.1821061312,224638.60250431224,215904.40268263136,153693.62958901052,142876.66651885386,146049.01840394802,154664.63389589565,127818.49871345969,124501.4298470361,124655.08513422473,148112.36149100924,133371.42709686767,133066.58548035016,138846.84024127704,134869.4850875577,146725.5309897376,134384.5789459875,153940.39781501036,143238.63211260445,139570.0390069151,161629.14998102363
1168.0,427813.40338736103,423149.0438760117,422965.4816239446,427966.91431431804,431032.8931960175,429075.0298961922,431521.5669166987,198077.71136844112,192623.6584159761,185852.5279751569,211908.46133424886,215030.86925816475,224760.1644813123,216007.64791504902,153240.8514476512,141950.0493586915,145067.53333912953,154146.36857482337,127524.02355613193,124169.1478653438,124063.89338451962,147695.87871866918,134037.57920139638,133730.37897940574,138321.0349687963,136192.9006833898,147807.74529496385,135644.27990933444,153531.1975095474,144278.23562755104,140570.09464701446,161185.16454806595
1169.0,427795.1283430492,423134.1791897049,422951.439368811,427947.9019351886,431027.18399112066,429067.5561196742,431515.0423199047,198142.54782958952,192676.2749614614,185898.2844977898,211966.03763210907,215092.57042271807,224854.57212826406,216095.46265766627,152854.2317457442,141128.83561833375,144190.3644905984,153698.86813001274,127325.79712585083,123942.85478007884,123623.61899272681,147192.3185737886,134678.2105143333,134385.9341469328,137745.229821812,137466.2811219195,148763.01071624167,136959.40334242626,153005.61437764193,145253.6543963587,141463.97042081028,160639.57223339338
