"Iteration","volume avg. inflow (Turbine-01) Monitor: volume avg. inflow (Turbine-01) Monitor (m/s)","volume avg. inflow (Turbine-02) Monitor: volume avg. inflow (Turbine-02) Monitor (m/s)","volume avg. inflow (Turbine-03) Monitor: volume avg. inflow (Turbine-03) Monitor (m/s)","volume avg. inflow (Turbine-04) Monitor: volume avg. inflow (Turbine-04) Monitor (m/s)","volume avg. inflow (Turbine-05) Monitor: volume avg. inflow (Turbine-05) Monitor (m/s)","volume avg. inflow (Turbine-06) Monitor: volume avg. inflow (Turbine-06) Monitor (m/s)","volume avg. inflow (Turbine-07) Monitor: volume avg. inflow (Turbine-07) Monitor (m/s)","volume avg. inflow (Turbine-08) Monitor: volume avg. inflow (Turbine-08) Monitor (m/s)","volume avg. inflow (Turbine-09) Monitor: volume avg. inflow (Turbine-09) Monitor (m/s)","volume avg. inflow (Turbine-10) Monitor: volume avg. inflow (Turbine-10) Monitor (m/s)","volume avg. inflow (Turbine-11) Monitor: volume avg. inflow (Turbine-11) Monitor (m/s)","volume avg. inflow (Turbine-12) Monitor: volume avg. inflow (Turbine-12) Monitor (m/s)","volume avg. inflow (Turbine-13) Monitor: volume avg. inflow (Turbine-13) Monitor (m/s)","volume avg. inflow (Turbine-14) Monitor: volume avg. inflow (Turbine-14) Monitor (m/s)","volume avg. inflow (Turbine-15) Monitor: volume avg. inflow (Turbine-15) Monitor (m/s)","volume avg. inflow (Turbine-16) Monitor: volume avg. inflow (Turbine-16) Monitor (m/s)","volume avg. inflow (Turbine-17) Monitor: volume avg. inflow (Turbine-17) Monitor (m/s)","volume avg. inflow (Turbine-18) Monitor: volume avg. inflow (Turbine-18) Monitor (m/s)","volume avg. inflow (Turbine-19) Monitor: volume avg. inflow (Turbine-19) Monitor (m/s)","volume avg. inflow (Turbine-20) Monitor: volume avg. inflow (Turbine-20) Monitor (m/s)","volume avg. inflow (Turbine-21) Monitor: volume avg. inflow (Turbine-21) Monitor (m/s)","volume avg. inflow (Turbine-22) Monitor: volume avg. inflow (Turbine-22) Monitor (m/s)","volume avg. inflow (Turbine-23) Monitor: volume avg. inflow (Turbine-23) Monitor (m/s)","volume avg. inflow (Turbine-24) Monitor: volume avg. inflow (Turbine-24) Monitor (m/s)","volume avg. inflow (Turbine-25) Monitor: volume avg. inflow (Turbine-25) Monitor (m/s)","volume avg. inflow (Turbine-26) Monitor: volume avg. inflow (Turbine-26) Monitor (m/s)","volume avg. inflow (Turbine-27) Monitor: volume avg. inflow (Turbine-27) Monitor (m/s)","volume avg. inflow (Turbine-28) Monitor: volume avg. inflow (Turbine-28) Monitor (m/s)","volume avg. inflow (Turbine-29) Monitor: volume avg. inflow (Turbine-29) Monitor (m/s)","volume avg. inflow (Turbine-30) Monitor: volume avg. inflow (Turbine-30) Monitor (m/s)","volume avg. inflow (Turbine-31) Monitor: volume avg. inflow (Turbine-31) Monitor (m/s)","volume avg. inflow (Turbine-32) Monitor: volume avg. inflow (Turbine-32) Monitor (m/s)"
1102.0,1.9421527078187968,1.9423424541001855,1.9418801796235756,1.9422069775596278,1.9447274836686566,1.945480037466223,1.9441870333490971,1.9419703579113492,1.9444260847968113,1.9434919510259225,1.9437361203509724,1.944108803836169,1.9434944037362873,1.9440038892533396,1.9415338829116928,1.944614022795617,1.9438219216363084,1.942518341893863,1.9445719622090394,1.9446154647947003,1.9449466782357447,1.9419789142512192,1.9447864459997488,1.9450359318118264,1.942292304031901,1.9448866503977353,1.9449595033441085,1.9448274295571466,1.9440143942585397,1.9445232954824991,1.945031417522424,1.9437811612619156
1103.0,1.940116733775258,1.9398621715990783,1.939437950188344,1.940474208987188,1.948670471851371,1.9498558061692026,1.9481166997547827,1.9413657787766527,1.946663830706991,1.9456568567761245,1.9429366718194003,1.9458028318054084,1.9452265404878943,1.9457227269225357,1.9402701114221856,1.9462708217932663,1.9453197959719024,1.9411674978689817,1.9465461468094833,1.9464789753713965,1.946907919045069,1.9402578483919772,1.9461283759534562,1.9463565405719179,1.9404702721499572,1.947070686706342,1.9475151639125838,1.9471222436805016,1.942598227000746,1.9463360489092227,1.9463464027808484,1.9422842126398592
1104.0,1.938694089993131,1.937712871433657,1.9372924625911034,1.9390478583715145,1.9508672838227985,1.9524005325192235,1.9503392609596601,1.940237359954263,1.9473855600344296,1.9463851526247957,1.9418521892227905,1.9455368164207045,1.9450938764274999,1.9457706146497322,1.938380775769821,1.9462565086045673,1.9449799330936435,1.9391069473448737,1.9465834305383534,1.9460386584403606,1.9470586757993766,1.9374251498585626,1.9455081710881383,1.9455550096579814,1.9377330483992448,1.9473927495806422,1.9476481897418114,1.9470713568616707,1.9403578769744891,1.9459975614253102,1.9453365408915755,1.939844896039016
1105.0,1.9379779552164487,1.9354423832770102,1.9350200074055532,1.9382157714758685,1.9536400061769004,1.955442144778465,1.953333288850789,1.9403049074308822,1.9490521323298755,1.9482710649542405,1.9422228536677977,1.9455615104835522,1.946175215164882,1.9461471813121152,1.9376925953529989,1.9474140729646798,1.9454750106177554,1.9384219091544608,1.947168100817233,1.94642777534968,1.9480888524222848,1.9359231216223562,1.9456260719385488,1.945589956599709,1.9363801212402199,1.9487359813908665,1.948725699967293,1.9476294736887594,1.9393307656676078,1.9467833845479203,1.9450813062986174,1.9383846351016112
1106.0,1.9369695539870753,1.9335337898650031,1.933128919390945,1.9370869621170204,1.955053235144075,1.9567570790455888,1.9549191755203301,1.9371804711482112,1.9472575914427908,1.9468689245236326,1.9390459847399477,1.9413967940855394,1.9430336532319745,1.9426011739148934,1.933784432557692,1.9450067836917526,1.9427118523436107,1.934216067041022,1.9440291455254697,1.9424422989134202,1.9462183836034461,1.9305833870742757,1.9427869841777436,1.9426225725980901,1.9315073631007431,1.947089487531571,1.946331649110792,1.9450613173468023,1.9344873218776852,1.944047476862008,1.9412031949950028,1.9327940846124432
1107.0,1.937604625985895,1.9334772050456384,1.9330833951099857,1.9375130884466236,1.956468249248363,1.958039599468181,1.9564959875867316,1.9319733819832594,1.9431179658441229,1.943011203292886,1.9341257645458156,1.9339441483078945,1.9368742469682427,1.9358750490588377,1.9272963239408067,1.9402253249443833,1.9373618459294502,1.927569672530858,1.9380868771970179,1.9352989399022766,1.9422564092605283,1.922325046268341,1.9373432798195411,1.9370090760750647,1.9242204280042652,1.943067448092239,1.9411942402091633,1.9397874526103145,1.9265543288124363,1.938229271289779,1.9338208738093934,1.9239343607414066
1108.0,1.9376829253684722,1.9327786590501654,1.9325117496053832,1.9374381423712552,1.9566958499943239,1.9578317449191582,1.9568060050915832,1.9241423835485254,1.936614694838938,1.9367306713647627,1.9267095665260878,1.9220015920547127,1.9268386327405482,1.9248079265935876,1.9176597502914015,1.932205900210732,1.9287031164788488,1.917778208891297,1.9281111231017956,1.9236979103364331,1.935173592647359,1.910483739478676,1.9285645816287325,1.9279881426164427,1.913264214777313,1.9360056991045138,1.9327591871676761,1.931370241810169,1.9150060597224225,1.9293765288302112,1.9226861236966997,1.911536073088302
1109.0,1.9376981842551104,1.9320472665214288,1.931869071177839,1.9373479160329885,1.9565892941461422,1.9572943698646534,1.9567739524860062,1.913024925244705,1.9274075126108219,1.9276419574981236,1.9161508177138955,1.9058404564974718,1.9131007480081668,1.9095504985330092,1.9042343222261293,1.9208886395996827,1.9166224067381723,1.904354587878648,1.9138905071883556,1.9076660362118798,1.924926496940489,1.894483069900749,1.9162841675681441,1.9154399037345455,1.8980657826750134,1.9259317309826447,1.9210106991030127,1.9197312214484856,1.899134547697651,1.9170617327515755,1.9077317911458245,1.8949253234409575
1110.0,1.9380498503808352,1.9313332176637685,1.9311245578730454,1.937447029975544,1.9571729759978544,1.9574938144141305,1.957304732042613,1.8992522325838244,1.9163062474893147,1.9166477163417017,1.9031670016367501,1.8859802231139908,1.8965192068967704,1.8905907773737172,1.8870192897531637,1.9062007068327087,1.9010912772739132,1.887473961023951,1.895124609949246,1.8867618928364114,1.9110504387147917,1.874163388304233,1.8998575529567983,1.8987555881143579,1.8782246096247301,1.9124732657454404,1.9056228189723263,1.9046537602698732,1.8790856552860473,1.9014117255568392,1.8891258965915658,1.8745348476743917
1111.0,1.9381449712261358,1.9306357294226226,1.9304010813283636,1.937442822757925,1.9568583518666454,1.9566167867838786,1.9569945896924459,1.880842643233537,1.9006488390263527,1.901046797554775,1.885772641680239,1.861674866834092,1.8754474902414648,1.8670008841638772,1.8653475943407045,1.8869983762896538,1.8811956569008914,1.8664520623416694,1.8718543698634809,1.8614057004647033,1.8930308980233645,1.849756001119101,1.8791892462508557,1.8779356228654864,1.8539096326388442,1.8948633351438637,1.8862342372543353,1.8855425482513402,1.8543511082248996,1.8811440586143817,1.8659773086414273,1.8498486339927713
1112.0,1.9381560383210996,1.929959098668325,1.929731216215536,1.9374277532019195,1.9565168186691952,1.9557406569105638,1.956654138619569,1.8581250729906649,1.8808631860577998,1.8812414908634512,1.8643502033051538,1.8332836474712748,1.850591623303053,1.8390627774936017,1.839305025712536,1.8632271725174692,1.8569257016537861,1.8415125140303534,1.844345952059149,1.8317952006925016,1.8709494046055826,1.821679243259697,1.8542840267162115,1.8530072202545689,1.825481729559393,1.873123934841444,1.8630571159474345,1.862564811922482,1.8256159069443563,1.8567876345594783,1.8388168104781226,1.8216939335566438
1113.0,1.9381574102565025,1.9293667186960881,1.9291496520096223,1.9374365662151973,1.9559126705342673,1.9545840076789658,1.956063560122461,1.831858438492088,1.8574085338022943,1.857634917789068,1.8398101406307632,1.8020420840958322,1.822862566273597,1.8079121064252783,1.8098513695906902,1.835372921598559,1.8286884688392537,1.813667108366833,1.8134962663496368,1.7990158061403239,1.8449620327801772,1.7909437383085418,1.8256427220278901,1.8244339486403391,1.7938829502727784,1.8474301361879444,1.8364247411338561,1.8360330953903987,1.7939643278891257,1.8287883519066754,1.8083741936629103,1.7912247153825946
1114.0,1.9379448711937877,1.9286512880019373,1.928461212380456,1.937315865185603,1.9553564246825443,1.953533581205965,1.955545376896305,1.8028899982962527,1.8307616061606802,1.8307119517033426,1.812902369765184,1.7688046732990574,1.7930248547837295,1.7743786082801338,1.7780029109778308,1.8040128489497511,1.7970806384264928,1.7837401220078006,1.780438870512046,1.7642922745303613,1.815714841799698,1.758831301468781,1.7940680907549342,1.7930035772442794,1.7604864503172248,1.8182000428759626,1.807109012286047,1.8065121455010706,1.7609716769156407,1.7980620907596048,1.775606029868412,1.7598257617669508
1115.0,1.9378539608210432,1.9280908658789637,1.9279084453513453,1.937255938211328,1.9544443966518212,1.952105437654073,1.9546747538928606,1.7720106950202392,1.80156752268211,1.8012181014887283,1.7843609592074763,1.7353767693630162,1.7624554999627553,1.7403920677103792,1.7447339581450718,1.7702241472356002,1.7632524876774187,1.7528228667218246,1.7461999814107525,1.728745762625908,1.7838961726264972,1.7260578703580831,1.760417677983283,1.7596342936499287,1.7260718755397926,1.7862160934664595,1.7759386442610112,1.774718246567668,1.7272247038820312,1.7653923455258052,1.7414630978188221,1.728008825710014
1116.0,1.9377734230188566,1.9275274454745523,1.9273285779454832,1.9371929029533979,1.9539356411405522,1.9511883900700369,1.9542254059672521,1.741192986464354,1.7716111963573424,1.770816449022878,1.7560902719159688,1.7029404714436258,1.7327027526349994,1.7072557539001396,1.7116081761872435,1.7352889044399074,1.728432673641629,1.7221556170370211,1.7120630149725813,1.6936609657029684,1.7505448655254199,1.6936853703593848,1.7254236886272083,1.724889065100196,1.6918273463073783,1.7517743289769163,1.7430728952919041,1.7409115032287077,1.6940630084438957,1.7313595037499285,1.706409140130499,1.696716673118691
1117.0,1.9375190090555199,1.9269253672789992,1.9266998447689478,1.9369600768927564,1.9532691371854394,1.950089239743638,1.953596668130109,1.7107135434178569,1.7406673880612844,1.739386718759878,1.7281479777967848,1.6717879800912514,1.7035814414979742,1.6751446101021616,1.6798070159274345,1.700073250567428,1.6934679655339338,1.6926722167766641,1.6793895939206032,1.6606517796470863,1.7168334618019194,1.6634074327060435,1.6907177051608098,1.690468261406531,1.659668402844597,1.7164025024180962,1.7105291784453296,1.7065406275996065,1.6635582791992432,1.6977670487789596,1.6722787913682817,1.6680666219191214
1118.0,1.9373374151972873,1.926491962314674,1.9262473619873735,1.9367668979868713,1.9526528532501308,1.9491025054600952,1.9530315516281858,1.6815705883150835,1.7102285174271008,1.7083034496372655,1.7015255588383953,1.6428561007561595,1.675911652682824,1.6451551139392186,1.6495186403440125,1.6653788859954022,1.6591945026194803,1.6644843192368364,1.6485385240394275,1.6299613641084454,1.683664577083746,1.6349712815258217,1.6569847958204562,1.6570567486423549,1.6294694719979854,1.6809144837439671,1.6785030070682683,1.6723340027020663,1.6349257625012976,1.6647686081916504,1.6392285891142362,1.6410889334721745
1119.0,1.9370118354753805,1.9259204925391677,1.9256654871284078,1.9364456753694266,1.951974945213137,1.9480552482515319,1.9523828213434131,1.6548588204111956,1.6813022010136698,1.6786260803767772,1.6771306649705435,1.6169076507597355,1.6507564577944185,1.6181875290935401,1.6226498561057452,1.6330183676786578,1.6272092671314937,1.6393902722863964,1.6210945169791353,1.6031090533109245,1.652378616602085,1.6103197983459894,1.6255766402276601,1.6260388456916344,1.6031969700185025,1.646816067352637,1.6486016911514774,1.63962024903836,1.6107916032288712,1.6343674189895108,1.6091229554500825,1.6183588442140087
1120.0,1.9366459101343187,1.9253496392580722,1.925069742701025,1.9360699713841611,1.9512968750557242,1.9470350203812525,1.951727917527128,1.6307984088358658,1.6545233076856434,1.650976682897066,1.6551118810659327,1.5941985936632577,1.6283194777710341,1.5944996236708262,1.599257938103289,1.6034578520580882,1.5981512756758045,1.6174149981047699,1.5972245708662736,1.5802837564753225,1.6237643575688603,1.589326386476558,1.5972054920316274,1.5981409654096297,1.5807006565379378,1.615076883811671,1.6213359298594243,1.6092460161746058,1.5906148375295543,1.6069777291491345,1.582426340809748,1.59930785161312
1121.0,1.9362696202909526,1.9248149325578152,1.9245130949557812,1.9356950432986082,1.9506534249629428,1.9460819907236206,1.9510990816874707,1.60969800073203,1.63037189231435,1.6258792463471412,1.6356986811025347,1.5746687126502255,1.608661670720745,1.5740943250471668,1.5795659338568409,1.5772391842997735,1.5725561738446578,1.5988355894139272,1.577251496099679,1.5616194581926068,1.5983757684459017,1.572137438348506,1.5723470972175286,1.5737780456670862,1.5621563948044157,1.5862251348615248,1.5971796193731058,1.5816825043402583,1.5745405325299477,1.582931164955786,1.5593946892367634,1.5840598233078051
1122.0,1.9357755343679768,1.9242218153808044,1.9238976036067028,1.9352055464797249,1.9502335989346282,1.9454365270427298,1.9506739703014409,1.5918238765702684,1.609521634963565,1.6040445565741108,1.6191591547807735,1.5579184691496613,1.5915081582800084,1.5565522345719873,1.563370479434064,1.5543508204553806,1.550426405835997,1.5834168687537638,1.5607982458171574,1.546405441783426,1.5762419756904271,1.558326214765799,1.5510353424672905,1.5529273012589284,1.5472453854109351,1.5603635671278198,1.5759051362555976,1.557006089498024,1.5620063823346861,1.5621776724070926,1.5398388284352904,1.5721947365154254
1123.0,1.9355493561370878,1.923963695983917,1.9236354614503077,1.9350176876653624,1.9496458603583915,1.9445996387975637,1.9500744944411534,1.5762432021572124,1.5909382963644225,1.5844041499254566,1.604643977081963,1.5443865704398403,1.5774374616679283,1.5424075120567842,1.5508163412762836,1.535504896024455,1.532408130171037,1.5713898814320937,1.5485399165823246,1.5356019375059977,1.558026145739823,1.548207263474281,1.5337456214280616,1.5361676186419446,1.5361494636326165,1.5384749992154965,1.55858962416018,1.5360805242077396,1.5531840110073265,1.545370447732385,1.5245057367847368,1.5638366740123013
1124.0,1.935399068384614,1.9238363482368337,1.9235363056187094,1.9349460863928032,1.9490950922713226,1.943840140747386,1.949509699337321,1.5631733780448427,1.575046578265806,1.56745097042969,1.5923758094313,1.5333322044986548,1.565787777113556,1.530901894475906,1.5418606108423067,1.5207521849491732,1.5185429823043228,1.5626873178697622,1.5400638195687284,1.5284173604203206,1.5438224686841557,1.5415271093665108,1.5206412377398792,1.5235592135530804,1.528625381793706,1.5206662689811619,1.54507368013587,1.5190355761924546,1.547640218999686,1.532466447834978,1.513151559167848,1.558718823350489
1125.0,1.9353435758280861,1.9238449003923557,1.9235889199368557,1.9349959371076215,1.9485593480818801,1.9431268743072483,1.9489674068799079,1.552222076058575,1.5615287237815871,1.5528697898587995,1.582002337683054,1.5245754837868981,1.5564645047747232,1.5217722799512325,1.5360518836115096,1.5098519245761326,1.5086181747669625,1.5568915694996692,1.5350141069232672,1.5245107616955837,1.533435543490695,1.5377317326363225,1.5114584833478357,1.5148385374748818,1.524104402241251,1.5068839554267017,1.5351887898499674,1.505814680203078,1.544828678428416,1.5232328138053948,1.5055229735567726,1.5562301703667931
1126.0,1.9354156823427482,1.9239880155391187,1.923778221023744,1.9351730069686321,1.9480242249063071,1.9424446400362256,1.9484289552862855,1.5430125814848508,1.5499988193052414,1.5403451659545653,1.5732062248041772,1.5179924277123331,1.549424662744704,1.5148836030851387,1.5329640221854552,1.5025483118806102,1.5023261255247342,1.5535850065318588,1.5329792163552909,1.523467911857794,1.5266170993100148,1.5363028281729476,1.505888026151985,1.5096871111855643,1.5220861167618376,1.4970188201462433,1.5287611619528516,1.4963342046585673,1.544290213201255,1.5174400681004254,1.5013655947571167,1.5559580315121468
1127.0,1.935558983089838,1.9242258400317618,1.9240602419735686,1.9354365978298007,1.9475298023340673,1.9418683069740137,1.9479484333802062,1.5353510026009751,1.5402729220829756,1.529709311578773,1.565864335069372,1.5131503673282363,1.5440470982583523,1.509809808487086,1.5321362043337008,1.4986318653931423,1.499380594343101,1.5523460424787763,1.5336018301407748,1.5247135026049907,1.5231154898120292,1.536755334020487,1.5037517929171866,1.5077808581074965,1.5219681345671285,1.490944659072801,1.5254015845031434,1.4905115357955894,1.5453463480428826,1.514795263818036,1.500254448981871,1.5572826305595453
1128.0,1.9358099998538576,1.9245629782624512,1.9244385095645007,1.9358044055972785,1.9470410358906958,1.9413283904012615,1.9474804860426798,1.5288190591877855,1.5318286840776842,1.520465587961543,1.5595436601113382,1.5099659911742938,1.540505903861957,1.5064686917975423,1.5330466400508465,1.4974965759254495,1.499218240206164,1.5526419761630839,1.536106806017328,1.5276704450069998,1.522318402047117,1.5383595798070333,1.504250879908778,1.5084507730988124,1.5231991506599163,1.4880637926568252,1.5247033384551993,1.4878169805897266,1.5476164205996887,1.5148549045919888,1.5016926493896758,1.5597531102553086
1129.0,1.936112517046079,1.9249492704832252,1.9248603434106901,1.9362260054535756,1.9465896896202555,1.940867932492823,1.947064888302542,1.5232553065009868,1.524517286455772,1.5124548595449898,1.554126695234631,1.508237537061345,1.5383720012007467,1.5046365598423537,1.5352022741182598,1.4989128834885368,1.5015001589769164,1.554041106283836,1.540208494664077,1.5319078024111206,1.5239648648666888,1.5406730553299914,1.507081039664415,1.5112856246706978,1.5252223023064162,1.488176392932847,1.52621327409284,1.4880887915934862,1.5504828183454424,1.517273324082957,1.5052562423543172,1.562834073828413
1130.0,1.9364577667464073,1.9253721924982636,1.9253106323835987,1.936687554421997,1.9461817859591972,1.9404930155568183,1.9467020556214902,1.5184558751465362,1.5180819280528755,1.5054212547132437,1.5494395463732762,1.5076926841936666,1.5373891427817585,1.5040539820427805,1.5380625964138914,1.502286335796442,1.5056550135917988,1.5560282793758868,1.5452585500119642,1.53683274726658,1.5274797777477138,1.543100247155932,1.5115918353382467,1.5156600821605022,1.527464787170262,1.490668374768123,1.5293341520394288,1.4908321898507746,1.553437741840209,1.5215528106157967,1.5103962285470702,1.565996544363467
1131.0,1.93683314934883,1.9258193452392183,1.9257790212379444,1.9371776535796137,1.9458418053273545,1.9402378970857588,1.946423954568772,1.5142717283578586,1.5123853778003922,1.4992215251793364,1.5453560300458538,1.5081873557618288,1.5373093344281856,1.5045562766854745,1.5411115780480724,1.5071296304265878,1.5111522059752238,1.558118378296001,1.550793377581277,1.5420022384609207,1.532437045203657,1.5451314738824158,1.517263993716694,1.5210281483801837,1.5293760575294941,1.4950858303551737,1.5335186702847803,1.4956539010317507,1.5559061051551548,1.5271777113891793,1.5165472751517879,1.5686752595505562
1132.0,1.9372237979832467,1.9262669681931124,1.9262361776987547,1.9376647367588415,1.9455411884426035,1.9400361024071906,1.9461902953236327,1.5106024053784395,1.507249181555753,1.4936418117551509,1.5417803017929594,1.5093266753997463,1.537912006876669,1.5057716646065584,1.5438904027772558,1.5126460174228173,1.5172792900241523,1.559910294818894,1.5560235370115643,1.5467038226194425,1.5379285273249754,1.5463253059624138,1.52314090901684,1.526553911611023,1.5306465776310267,1.5004547063899563,1.5380176977670394,1.5016058942461674,1.5576932264034167,1.5334447181941497,1.5230255048954338,1.5706646363400594
1133.0,1.937615252268047,1.9267040920117964,1.9266759059275826,1.9381381310861625,1.945311016787849,1.9399315992739372,1.9460354187376439,1.5073182357378854,1.5026178280167748,1.4886283134756537,1.5385998158955525,1.5111557866417504,1.5390522901161114,1.5077077498684859,1.546045211116289,1.5186079934248178,1.5236926858599957,1.5610770947806634,1.560795103740764,1.550824259990848,1.5438307867101835,1.5464265337434113,1.5289938500605216,1.5319527072222259,1.530849207393872,1.50660269209228,1.5424846273123891,1.508571523918068,1.558292915744649,1.540051782205949,1.5294808704856822,1.571499428035297
1134.0,1.937987822441848,1.9271110354378373,1.9270782762506746,1.9385763130902804,1.945133508803803,1.9398903216731118,1.9459374659148485,1.5044042848466106,1.4984262984188015,1.4840843116737443,1.5357952998012363,1.5132755555410504,1.540439628480617,1.5099943692965556,1.547265806907425,1.5243205520878855,1.5297622526758927,1.5613224509828973,1.5644845406449466,1.5537585696867369,1.5493846121480936,1.5451124439861796,1.534036250908006,1.5365255919401257,1.5297709578269172,1.5126451620363885,1.546231018118839,1.5156683832912967,1.5575530347156445,1.5462821348807356,1.5352418432764623,1.571055020226138
1135.0,1.938332698467714,1.927450026963511,1.9274000713810393,1.938957714522536,1.944967219876672,1.9398495731244427,1.9458412111012056,1.5019074210083636,1.4946538855394842,1.4799800702363046,1.5334276890474405,1.5157511151514842,1.5421532250010341,1.5126728469019985,1.5476598816125595,1.5297254008726215,1.5354146243202198,1.5608659496457697,1.5671555768350591,1.5556886602396813,1.5544864420658122,1.5425941922638464,1.5381236444686677,1.540135045421937,1.5275211892153322,1.518257496466589,1.5490807378302105,1.5225380142398581,1.5554575177107144,1.5518154718315005,1.5400505011663341,1.5693346120121026
1136.0,1.93867041090247,1.9277738979054864,1.9277038972223757,1.9393165981217806,1.9449268710854946,1.9399371926040228,1.9458705340332845,1.4996367444870913,1.491317079885715,1.476328221359319,1.5312643653211564,1.5181688001640856,1.543759375573859,1.5153024237542772,1.5464232675746001,1.5337512982115793,1.5396638734331989,1.5588569418003702,1.5679606429183344,1.5557049099280502,1.5582862250484908,1.538264068132511,1.540552346729816,1.542147722839902,1.52354899045528,1.5228750279553185,1.5505154103139402,1.528644614375717,1.5516546814847842,1.556120065545317,1.5433864799367851,1.5659359066968035
1137.0,1.9390294872197884,1.9281150523352848,1.9280126832010753,1.939670577594739,1.9450077701885762,1.9401539728512665,1.9460181122848834,1.4977429157777629,1.4884140858679062,1.4731308945469277,1.5295071110666005,1.5205286301801757,1.5453176178055639,1.517929966036801,1.543853428467468,1.5364562440380747,1.5425195380742143,1.5556243590508554,1.5669316215131721,1.5538635674578674,1.5605372063856244,1.5323718096349581,1.5409858355051207,1.5422858237245871,1.518122117958136,1.5260474084539941,1.5502772263407931,1.533445173942321,1.5464438317615092,1.5588191525834605,1.5449773038823307,1.56118016857488
1138.0,1.939322807253231,1.9283912615265788,1.9282582983430852,1.9399506670458206,1.9451258528272557,1.9403750100046377,1.9461903159722578,1.4960052720293726,1.4858379444482237,1.4702944462087926,1.5278985398158296,1.5226034099111805,1.5466279083273349,1.520263038981131,1.539789313341168,1.5375095425024523,1.5436793184555315,1.5509993144438219,1.5639401713551577,1.5501255216318781,1.5611243373376453,1.524951159924442,1.5394557133682114,1.5405023541492804,1.5111126445638894,1.5274744557476025,1.5482229868863497,1.5366452642955493,1.5396443862974565,1.5596958774543321,1.544601957248998,1.5548719435092515
1139.0,1.9396896920156879,1.9287044036305003,1.9285467745906242,1.9403032675455676,1.9453941802126573,1.9407354572853865,1.946519603161197,1.4946820363138278,1.4837011502550062,1.4679030997662184,1.5267356999012711,1.5247078209373413,1.5480052952940808,1.5226247125569101,1.5347805872895919,1.537216032455385,1.5434746306635772,1.5455329057840435,1.5593482192500592,1.5449281457752817,1.5600661683979844,1.5166170687662388,1.5360304019459239,1.5369515992160718,1.5031365322669135,1.5271778338867215,1.5445284688263663,1.5381048339359362,1.5318073543176454,1.5586800753911807,1.5423519736012095,1.5475923480222205
1140.0,1.9399742309980956,1.928966565325471,1.9287755623181968,1.9405629117416474,1.9456567143811658,1.9410788502700393,1.9468240224711961,1.4934203907148167,1.4817604900588042,1.4657396127237339,1.5256043415542269,1.5262694739137013,1.5488720690778095,1.524470802797777,1.5283084600844916,1.5348319353656452,1.5411891456216162,1.5386359837019794,1.5525802900842025,1.5374641087403422,1.5568769355685876,1.506799174947342,1.5302664655679503,1.5311685056664495,1.4936718565476912,1.5246346109847488,1.538668018004689,1.5373786145433528,1.522627877929593,1.5554953776902964,1.537880864435073,1.5389629103252875
1141.0,1.940218880228319,1.9291896052687176,1.9289648958923953,1.9407771226477466,1.9459440433243773,1.9414297705578316,1.9471448859690499,1.4922686101415632,1.4800239480174777,1.4637959967117389,1.5245905315529835,1.5274681040098261,1.549446355835196,1.5259517328137524,1.5207172197756444,1.5306430289302488,1.537122947680059,1.5306792039403263,1.543903754400537,1.5281931949843417,1.5515531072697375,1.495926695585778,1.5223133566978726,1.5232982077154051,1.4831197350627916,1.5198328737341986,1.5308843900417124,1.534343849056635,1.5124590510775726,1.5501186619089757,1.5313106246484425,1.5293746760271458
1142.0,1.9404187040349785,1.9293718841874972,1.9291145837791444,1.9409484205669947,1.9462362661231871,1.9417706965555106,1.9474647121252462,1.4912218605751486,1.478475826342359,1.4620553116442179,1.5236788670577082,1.5283355774459968,1.5497653745209816,1.5270995337853857,1.5122343692322204,1.5247807623040146,1.5314163881408878,1.5218733640260593,1.5335049126223508,1.5172818784510576,1.5442147788235008,1.4842590887920855,1.5123741167665163,1.513525497406351,1.4717114590872655,1.5128651229616144,1.5213290601182972,1.529048597569834,1.501529819407023,1.5426803642943372,1.5227774977723236,1.519043049310349
1143.0,1.9405748598744712,1.9295144196418497,1.929228803834921,1.941079272704683,1.9465190486157495,1.9420861607377211,1.9477688767756094,1.490269983840592,1.4770962778016457,1.4605000865663311,1.522866045982717,1.5289060524339575,1.5498728597337823,1.5279436634162866,1.5030819557375243,1.5174326628458783,1.5242561784072126,1.5124349824786623,1.5215788761604563,1.5049423984731485,1.5349988932626752,1.4720613703119223,1.5006715446376133,1.5020453726325012,1.4596826474656837,1.5038519541572752,1.5101939997892404,1.5215695220464556,1.4900712553770428,1.5333180625703666,1.5124521688529926,1.5081835617028037
1144.0,1.9406874347596441,1.9296129843622731,1.9293010684506642,1.9411680125489648,1.9467867164085875,1.942365712537352,1.9480476253536758,1.489409910077477,1.47586945913223,1.4591185370170368,1.5221486344317368,1.529228959329955,1.5498215590604385,1.5285351383063657,1.493481134497193,1.5088195487122364,1.5158621162564518,1.5025696095363772,1.5083714736380527,1.4914012474888663,1.5240839371389006,1.4595934003994624,1.4874778859946043,1.4891035506693169,1.4472879442484854,1.4929914030404292,1.4977276121905507,1.512056619883312,1.4783164222763696,1.5222373697814304,1.5005657184074317,1.4970242764536226
1145.0,1.9407607439967958,1.929671245707758,1.9293356231190635,1.941220174389549,1.947029397607881,1.942602185214699,1.948295757189821,1.4886424116815462,1.4747847529697158,1.457894255894234,1.52152473770262,1.5293557019576212,1.5496651744467185,1.5289118445160776,1.4836503112013728,1.4991855459062715,1.5064950194151223,1.4924753903997359,1.4941405694359708,1.476941187635264,1.5116896223100529,1.4471091170068393,1.4730977098170412,1.4749680202359985,1.434762262673416,1.480533367276883,1.4842009515643526,1.5007305229144505,1.4664702124380087,1.5096660986736714,1.4873659799118475,1.4857850416410512
1146.0,1.9407761008117945,1.9296585133227544,1.9293073519438817,1.9412177253040999,1.947210307274218,1.9427505791380446,1.9484776585548704,1.4879651783854757,1.473816550128493,1.4568027807820367,1.5209915374170189,1.5295211388161711,1.549643368966118,1.5292886571136617,1.4739993882718914,1.4890724230206542,1.496686410147648,1.482601532760228,1.4791741619675192,1.4618848587517779,1.4980594199641046,1.4349677995836483,1.4578434354507328,1.459905902598455,1.4224296139433488,1.4667221487483033,1.4698930593990238,1.4877805855139732,1.4548533683831124,1.495876548476433,1.4731125191900474,1.4747524703314159
1147.0,1.9407994778217448,1.9296629580095384,1.9292987491270088,1.9412272879429353,1.9474174691520847,1.9429266344342493,1.9486815565068456,1.4874492435049713,1.4730590269959667,1.4559328528660727,1.5206197506622727,1.5294214186294357,1.5493878845792557,1.5294036309719081,1.464218257680738,1.4780492057981582,1.4860010216248922,1.4725727831936082,1.4637731096763607,1.4463848620129536,1.4835313372959693,1.4231395641538065,1.4421182069837144,1.4443217093899845,1.410258577158953,1.452001290412812,1.4551107149149392,1.4737134769536708,1.4433543639609832,1.4811525807627912,1.4581513559710002,1.463848269100888
1148.0,1.9408217846139824,1.9296695935304302,1.929297572322558,1.9412418335390418,1.9476227513538202,1.9430921020765994,1.9488810082170105,1.4870324249899005,1.4724312257333307,1.4552086286671109,1.5203320265330376,1.5292717862073795,1.5491468671814934,1.5294398621736967,1.454708825160055,1.466746231032353,1.4750552226581388,1.4628058041521337,1.44804039049804,1.430660868995078,1.4681688014318837,1.4119902960245367,1.4261272543505867,1.4283793735262516,1.3986411972905657,1.4365321304483964,1.440152366681914,1.458633479567347,1.4324428906584434,1.4658023203487758,1.4427478924224615,1.4535305306035138
1149.0,1.9408502824501244,1.9296812461751849,1.929299792478666,1.941258891117191,1.9478247660360402,1.9432469833502937,1.94907020614856,1.4867185275513963,1.4719367320431185,1.4546372144762865,1.5201433261366788,1.5290812600422035,1.5489144658750873,1.5294189123372741,1.4455617074913747,1.4553341359590504,1.4640059500132283,1.4533967460758763,1.4322761892337807,1.4149815223812996,1.4523063490877235,1.4016339030924008,1.4101878975307394,1.412411917332701,1.3876812018618936,1.4206838417786563,1.4253096884714551,1.4429000266360597,1.4222007124265081,1.4501389605979247,1.4272233626345578,1.4438572000441057
1150.0,1.9408862715417978,1.9296988935648403,1.9293140644028794,1.941283290519189,1.9480162891617174,1.9433862663468917,1.9492473027630428,1.4865067749221395,1.471569791878264,1.45420159660918,1.520040211271464,1.528882402424846,1.54870995688209,1.5293841646889217,1.436882354530851,1.4440152745268948,1.4530374894047904,1.4444402800457636,1.4167212070750301,1.3995742087816239,1.43618576258508,1.3922043474358043,1.3945890718558431,1.3966999386995327,1.377519823572976,1.4047853942428419,1.4108611670236904,1.4268357676711692,1.4127583894734543,1.4344765475119838,1.4118734912966426,1.4349554196655545
1151.0,1.9409837467326239,1.929780026362493,1.929386690444602,1.9413609412939608,1.9482374724048166,1.943559653637766,1.9494504131492647,1.486463455206964,1.4713793472374295,1.4539474704505002,1.5200841120155988,1.5288917378621616,1.548790680760171,1.529541962566811,1.4289473235346941,1.4332669106203089,1.44260329306657,1.4362639463982174,1.4014904555667582,1.38456496975027,1.4200006628300774,1.3837971505676236,1.3794959710374806,1.3814120995405883,1.3682820025986135,1.3890732407197186,1.396999312323302,1.4106691150856874,1.4042364916347263,1.4190229351576051,1.3968569953434402,1.4268741446666848
1152.0,1.9410620432859433,1.929841845280562,1.9294458546164934,1.9414312551574628,1.9484470708301662,1.9437202412418626,1.9496351391600781,1.486496296241663,1.4712930553381118,1.4538065559899271,1.520191799226041,1.5287361283377874,1.5486811611507616,1.5295246933757565,1.4213491780445708,1.4225426235482288,1.4322069976505725,1.4283739162991222,1.3870578696843974,1.3704656318675859,1.4042311293449645,1.3764259556333085,1.3653525644591846,1.3670352395108387,1.3599323664665943,1.3740135726239076,1.384113715773869,1.3948830715013012,1.3965695707806915,1.4041689955000973,1.382668561386881,1.4196619535735748
1153.0,1.941152046495726,1.9299171509032613,1.9295177545107411,1.9415102824318728,1.9486447550954658,1.943874324151451,1.9498104691877154,1.486592587026002,1.4712812236801942,1.4537501550802858,1.5203438289672115,1.5286063936287058,1.5486334079721429,1.5295174399954439,1.4143661890332329,1.4123803004262332,1.4223150061575451,1.4210995016473034,1.373325682432332,1.3571049848804417,1.3888451333567557,1.3702318089423766,1.3522988965618636,1.3536871562852721,1.3526873569843691,1.3598144259203344,1.3723804508213726,1.3796630263629295,1.3900071411058734,1.3901531995584067,1.3694300603408978,1.413479057797644
1154.0,1.941251048409887,1.9300054976380154,1.9296022569652664,1.9416008117644934,1.9488322861392635,1.94402715819289,1.9499783441447376,1.4867511027747577,1.4713415260405476,1.4537698068581129,1.5205402027251749,1.5284965807192041,1.548617620577303,1.529521928446924,1.4079858438286559,1.4027901067261284,1.4129394445321484,1.4144132370549845,1.360471163437213,1.344677064440636,1.374075361554027,1.3651251032793552,1.3405090120032241,1.3415686780056089,1.3464885079030835,1.3467387297751299,1.3619913555242948,1.3653035979840706,1.3844843164386391,1.377209537904605,1.3573756644531014,1.4082755465019214
1155.0,1.941353536388125,1.9301002694611067,1.9296937445699138,1.9416962080266753,1.9490067480562934,1.9441736782416588,1.9501326094390836,1.4869573016262474,1.4714598233555605,1.4538550567834057,1.5207728921134223,1.5284104854443274,1.5486426908261366,1.5295441544151647,1.402201737660463,1.3938308111644866,1.4041479333451117,1.4083272641682643,1.3485993517738568,1.333264009704745,1.3600682713790744,1.3610481919613424,1.3301012770026077,1.3308192518126085,1.3412901925297729,1.3349940429116898,1.3530777901263988,1.3520300898610462,1.3799883724274782,1.3655482540621542,1.3466915643314477,1.4040224570375055
1156.0,1.9415314395254881,1.9302811563782192,1.9298704528502528,1.9418665687625327,1.9492349180162856,1.9443912035203728,1.9503434133891862,1.487312547405302,1.471766876569888,1.454128250811536,1.5211545638582904,1.5285369945823943,1.548975451380534,1.529796666550391,1.3970074092613667,1.3856182977690321,1.396116222876639,1.4029088560693626,1.3375598409306837,1.3227153713101139,1.3468147363796168,1.3575036142949277,1.320752028143887,1.3211384295544333,1.3366382515019004,1.3243535762664673,1.3452982795295714,1.3396503427367832,1.376092658501043,1.3549519364076867,1.3371425295733708,1.4002851996129266
1157.0,1.9416480616172698,1.9304027319387644,1.9299908039586893,1.9419891610449345,1.9494151725220876,1.9445596646279444,1.9505127781043146,1.487602521387861,1.4719921322496203,1.4543335047850068,1.5214403877594107,1.5284968283823306,1.5490575940815146,1.52986412159651,1.3923105119824704,1.3779822275807705,1.3885345595349494,1.3979172060028748,1.327789350368283,1.313438211467228,1.3346883796412194,1.3551113117135425,1.3132809988258956,1.3133428754345062,1.3331447319862042,1.3156142941119517,1.3393767184142127,1.328994442953126,1.3732505560640111,1.3460917139392643,1.3293037311727776,1.3975503651797192
1158.0,1.9417447119287428,1.9305092633213825,1.9300954586510342,1.942092957579119,1.9495648528898266,1.9447020818817702,1.9506543800691243,1.487887040985018,1.4722136218473896,1.4545373912841,1.5217113400974902,1.528441150155844,1.5491211380474104,1.529904271261581,1.388081524564139,1.370932748543434,1.3814939235498633,1.3933908985947678,1.3191637429157221,1.3053226553651491,1.3236670876182883,1.3534685461754412,1.3074534121692722,1.307242492370013,1.3304445405396392,1.308685746967822,1.3351574192367075,1.3200036060128932,1.371206996277368,1.3389318191210524,1.3231872976312518,1.395555063464664
1159.0,1.941811967855154,1.9305873175290318,1.9301704288878185,1.942163575656996,1.9496761161867333,1.9448111429428907,1.9507599726299822,1.4881535132444357,1.4724204422807854,1.4547270647937796,1.5219562542491547,1.5283789198961941,1.5491784875902055,1.5299358676471442,1.3843105374316087,1.3644786586830076,1.3750001104383118,1.3893143933716812,1.3116535353079986,1.2982886476628588,1.3137599903776926,1.352419612032959,1.3031874398366408,1.3027530112752752,1.328406007480242,1.3035808260756199,1.3325615196424099,1.3127669414035368,1.3698456337005291,1.3334773935353257,1.3187415884252733,1.3941593236292447
1160.0,1.9418474806700659,1.930636772560354,1.930216380452974,1.9422097297190892,1.949751290884494,1.944885741301999,1.9508334417004258,1.488398439418157,1.4726059907540543,1.4548926032993184,1.5221669928442156,1.5283178826222785,1.549237657818658,1.5299625363599758,1.3809771072903518,1.3586122964677754,1.3690458811286765,1.3856648677052952,1.3052192267281904,1.292277159933966,1.3049914171957915,1.3517703411890338,1.3003595634702394,1.2997527650510303,1.3268614425345355,1.300247113773016,1.3314530850998796,1.3073120944547945,1.36899789952794,1.3296993465156226,1.3158879818279148,1.393219625565809
1161.0,1.9418630024672137,1.9306670651404854,1.9302424176770956,1.9422300606410436,1.9498026523518055,1.9449358097544034,1.9508800622787794,1.488630067135581,1.4727779572935376,1.4550451398103952,1.5223582867585772,1.5282796834411068,1.5493197922944226,1.5300063787453702,1.3780425737346793,1.3533089611553057,1.363616508777108,1.3824233843800204,1.2998139704773142,1.2872274518648108,1.2973435481910551,1.3513631706281077,1.2988156080729067,1.2980878828339735,1.3256584279766235,1.2985694883344192,1.3316453378691566,1.303608533454221,1.3684923568397314,1.3275020467895153,1.314502359467611,1.392581385294361
1162.0,1.9418681959368396,1.9306823008124046,1.9302543258229956,1.9422380036219482,1.949844504237385,1.9449786757078211,1.950917901631634,1.4888645989511866,1.4729573465455041,1.455202653205304,1.5225486727977142,1.5282558210602013,1.5494073751486528,1.5300604658474954,1.3754755852723521,1.3485203023453416,1.3586821177592598,1.379559878653251,1.29536346009767,1.2831056040024045,1.290811160821099,1.3510684548831828,1.2983994038897468,1.2976004393807097,1.324692594701297,1.2983267388111694,1.3329087939628785,1.3015076793928075,1.3681845199151197,1.3266792397181912,1.3143750714939109,1.3921256326556848
1163.0,1.9418233664512263,1.930651325595636,1.9302226989837388,1.9421970681139566,1.9498282019227222,1.9449555110447663,1.950895716223007,1.4890506083275785,1.473080716571424,1.455301429128735,1.5226769132165667,1.5283174403545723,1.5496022172393515,1.5301895967246035,1.3732144151107446,1.3442301738985576,1.3542246628182302,1.37701193934522,1.2917527331056569,1.2796233667970658,1.2852828796895717,1.3506823039885176,1.2988397210094969,1.2979624779580006,1.3236600060077262,1.2995552241373018,1.3350705816739812,1.3011258842968942,1.367831133217153,1.327217960290927,1.3154191284146302,1.3915853157254654
1164.0,1.9417917351687681,1.9306277523956745,1.930198310026356,1.9421615856322643,1.949828565907614,1.944951825200339,1.9508901629007502,1.489251429925782,1.4732286289556833,1.4554266441238288,1.522828681468807,1.5283563957993778,1.5497407458826125,1.5302959819674462,1.3712538308743585,1.3403810911378893,1.3502066350701567,1.3747789777266388,1.2889446115531058,1.2769868797032065,1.2807575179542985,1.3502238104179034,1.2999983386181828,1.2991026991430563,1.3227171867158163,1.3016511725837097,1.3377874149244158,1.3019033432613043,1.3674749732845348,1.3286236964506248,1.317196551841203,1.3910683999210034
1165.0,1.9417538244058528,1.9305986239343382,1.930168193388185,1.9421208321329364,1.9498211446782059,1.9449395236977376,1.9508780097712815,1.48944551872361,1.4733719145760444,1.455548156350276,1.5229731480816988,1.5284338711759595,1.5499145294956724,1.530434777748791,1.3695208963628698,1.3368980841162283,1.3465450094763878,1.3727899780832549,1.2868184954903972,1.2749280669135878,1.2771026234451401,1.3495863440829343,1.3016967079629553,1.3007966469862293,1.3216481513161897,1.3046380685023518,1.3409168407875587,1.3038987109357096,1.3669006995337352,1.3308469469979038,1.3196226179347905,1.390335466115774
1166.0,1.9417126566615819,1.9305660497482966,1.930135488141441,1.942077329187641,1.9498098564234068,1.9449222136318656,1.9508620732822923,1.4896306606093732,1.4735112373703443,1.455666342659318,1.5231108924231895,1.5285433150712595,1.5501139152966577,1.5306035679896548,1.3679944015263599,1.3337631409538493,1.3432295957757472,1.3710255610561535,1.2852684938927894,1.2733668826271896,1.274250248900066,1.3486919619308193,1.303673482740004,1.302786621690659,1.3203898141841826,1.3082067503399903,1.3441934705955045,1.3068499305034245,1.3660243728764778,1.3335784301053013,1.3223873745200918,1.389317540649813
1167.0,1.9416660571184565,1.9305291838705931,1.930099592007897,1.9420291695949785,1.9497916663099168,1.9449016644831234,1.9508442753850952,1.4897990937571846,1.4736404328628436,1.4557754642336125,1.523239511566913,1.5287252943876366,1.5503945959159608,1.5308450950016295,1.3666312859076968,1.3309477933554175,1.3402479640997547,1.3694603193161192,1.2842123555572875,1.2721793425978176,1.2721332332551676,1.3474601787320248,1.3056775755762933,1.3047825348818343,1.3188195955261381,1.3121896119984737,1.3474658979692653,1.3106227398406343,1.3647899509803545,1.336707154815006,1.3253993590125486,1.3879750637643395
1168.0,1.9416227354644138,1.9304940976522829,1.9300664490576922,1.9419841268147773,1.9497776679674288,1.9448838950917644,1.950828504996787,1.4899678115939308,1.4737782577172576,1.4558947314347814,1.5233711383407347,1.5288743589699623,1.5506126128947033,1.5310506353642956,1.3654690567146441,1.3284525015644295,1.3375829038824656,1.368109208192368,1.2835026375046497,1.27137052690275,1.2705563648309595,1.3459697972221674,1.3076130915500999,1.3067608131223645,1.3171059258321707,1.3160331396078833,1.3503639595152142,1.3145774919976116,1.3632070266886878,1.339653985217968,1.3281004555312639,1.386329491941404
1169.0,1.9416624859545892,1.93054198478005,1.930122680087958,1.9420368897917561,1.9498456835815112,1.9449661045234101,1.9509116126397013,1.490249596212087,1.4740313799182119,1.4561357820318412,1.5236514670626466,1.5292003139636234,1.5510209671108242,1.5314537245726254,1.3646026554003112,1.326370367570851,1.3353400712691297,1.3671250926220366,1.2833517433129253,1.2710892146956088,1.2697304811444596,1.3444591683392495,1.3095865855419517,1.3088064000098012,1.3154231621772394,1.3200709677765918,1.353230414703408,1.3190701962064328,1.3615516692603322,1.3427853968061965,1.3308604630322936,1.3846374350163904
